{
    "units": 32,
    "dropout": 0.383928198882688,
    "rec_dropout": 0.24804759907065643,
    "lr": 0.020163208503326025,
    "l2": 9.020429139714781e-06,
    "batch_size": 64,
    "epochs": 40
}